LineId,A,B,C,D,E,F,Content,EventId,EventTemplate,ParameterList
1,2019-11-01,07:00:26.245,INFO,"[bootstrap,,,]",6,--- [           main] s.c.a.AnnotationConfigApplicationContext,Refreshing org.springframework.context.annotation.AnnotationConfigApplicationContext@51521cc1: startup date [Fri Nov 01 07:00:26 GMT 2019]; root of context hierarchy,5310ac93,Refreshing org.springframework.context.annotation.AnnotationConfigApplicationContext@51521cc1 startup date [Fri Nov 01 07 00 26 GMT 2019]; root of context hierarchy,[]
2,2019-11-01,07:00:31.416,INFO,"[bootstrap,,,]",6,--- [           main] trationDelegate$BeanPostProcessorChecker,Bean '!!!!!!!!!!!!!!!!!!!!!!!!!!!!!!!!!!!!!!!!' of type [class ????????????????????????????????????????????????????????????????????????????????????????????????????] is not eligible for getting processed by all BeanPostProcessors (for example: not eligible for auto-proxying),54c37734,Bean <*> of type [class <*> is not eligible for getting processed by all BeanPostProcessors (for example not eligible for auto-proxying),"[""'!!!!!!!!!!!!!!!!!!!!!!!!!!!!!!!!!!!!!!!!'"", '????????????????????????????????????????????????????????????????????????????????????????????????????]']"
3,2019-11-01,07:00:56.387,INFO,"[carts,,,]",6,--- [           main] works.weave.socks.cart.CartApplication,"No active profile set, falling back to default profiles: default",679c0941,No active profile set falling back to default profiles default,[]
4,2019-11-01,07:00:57.041,INFO,"[carts,,,]",6,--- [           main] ationConfigEmbeddedWebApplicationContext,Refreshing,b54a6d4c,Refreshing,[]
5,2019-11-01,07:01:49.108,INFO,"[carts,,,]",6,--- [           main] o.s.b.f.s.DefaultListableBeanFactory,Overriding bean definition for bean 'managementServletContext' with a different definition: replacing [Root bean: class [null]; scope=; abstract=false; lazyInit=false; autowireMode=3; dependencyCheck=0; autowireCandidate=true; primary=false; factoryBeanName=org.springframework.boot.actuate.autoconfigure.EndpointWebMvcHypermediaManagementContextConfiguration; factoryMethodName=managementServletContext; initMethodName=null; destroyMethodName=(inferred); defined in class path resource [org/springframework/boot/actuate/autoconfigure/EndpointWebMvcHypermediaManagementContextConfiguration.class]] with [Root bean: class [null]; scope=; abstract=false; lazyInit=false; autowireMode=3; dependencyCheck=0; autowireCandidate=true; primary=false; factoryBeanName=org.springframework.boot.actuate.autoconfigure.EndpointWebMvcAutoConfiguration; factoryMethodName=managementServletContext; initMethodName=null; destroyMethodName=(inferred); defined in class path resource [org/springframework/boot/actuate/autoconfigure/EndpointWebMvcAutoConfiguration.class]],c6f99426,Overriding bean definition for bean 'managementServletContext' with a different definition replacing [Root bean class [null]; scope ; abstract false; lazyInit false; autowireMode 3; dependencyCheck 0; autowireCandidate true; primary false; factoryBeanName org.springframework.boot.actuate.autoconfigure.EndpointWebMvcHypermediaManagementContextConfiguration; factoryMethodName managementServletContext; initMethodName null; destroyMethodName (inferred); defined in class path resource [org/springframework/boot/actuate/autoconfigure/EndpointWebMvcHypermediaManagementContextConfiguration.class]] with [Root bean class [null]; scope ; abstract false; lazyInit false; autowireMode 3; dependencyCheck 0; autowireCandidate true; primary false; factoryBeanName org.springframework.boot.actuate.autoconfigure.EndpointWebMvcAutoConfiguration; factoryMethodName managementServletContext; initMethodName null; destroyMethodName (inferred); defined in class path resource [org/springframework/boot/actuate/autoconfigure/EndpointWebMvcAutoConfiguration.class]],[]
6,2019-11-01,07:01:49.882,WARN,"[carts,,,]",6,--- [           main] o.s.c.a.ConfigurationClassPostProcessor,Cannot enhance @Configuration bean definition 'refreshScope' since its singleton instance has been created too early. The typical cause is a non-static @Bean method with a BeanDefinitionRegistryPostProcessor return type: Consider declaring such methods as 'static'.,505629d0,Cannot enhance @Configuration bean definition 'refreshScope' since its singleton instance has been created too early. The typical cause is a non-static @Bean method with a BeanDefinitionRegistryPostProcessor return type Consider declaring such methods as 'static'.,[]
7,2019-11-01,07:01:51.322,INFO,"[carts,,,]",6,--- [           main] o.s.cloud.context.scope.GenericScope,BeanFactory id=5e44614a-7369-3438-a326-d1b2bda21648,46e87535,BeanFactory id 5e44614a-7369-3438-a326-d1b2bda21648,[]
8,2019-11-01,07:01:51.775,INFO,"[carts,,,]",6,--- [           main] trationDelegate$BeanPostProcessorChecker,Bean 'fffffffffffffffffffffffffffffffffffggggggggggggggggggggggggggggggggggggggggggggggggggggggggggggrrrrrrrrrrrrrrrrrrrrrrrrrrrrrrrrrrrrrrrrrrrrrrrreeeeeeeeeeeeeeeeeeeeeeeee' of type [class vdkjvfdjkkbdbgkdbkgdnbjkdgjkdbjdmlkbmlfnblfdmnldjnbldfbmlgdbndklbnkgltudrlbndtubnrudlbndtulnbtulbntrldbndtunbkdltntuklndktlnbtrlkdknbjgnbfjlkgbdnjlktnbldmgdlkblshuslfehsbjksfjdkgjfsghhhhhhhhhhhhhhhhhhhhhhhhhhhhhhhhhhhhhhhhhhhhhh] is not eligible for getting processed by all BeanPostProcessors (for example: not eligible for auto-proxying),54c37734,Bean <*> of type [class <*> is not eligible for getting processed by all BeanPostProcessors (for example not eligible for auto-proxying),"[""'fffffffffffffffffffffffffffffffffffggggggggggggggggggggggggggggggggggggggggggggggggggggggggggggrrrrrrrrrrrrrrrrrrrrrrrrrrrrrrrrrrrrrrrrrrrrrrrreeeeeeeeeeeeeeeeeeeeeeeee'"", 'vdkjvfdjkkbdbgkdbkgdnbjkdgjkdbjdmlkbmlfnblfdmnldjnbldfbmlgdbndklbnkgltudrlbndtubnrudlbndtulnbtulbntrldbndtunbkdltntuklndktlnbtrlkdknbjgnbfjlkgbdnjlktnbldmgdlkblshuslfehsbjksfjdkgjfsghhhhhhhhhhhhhhhhhhhhhhhhhhhhhhhhhhhhhhhhhhhhhh]']"
9,2019-11-01,07:01:56.796,INFO,"[carts,,,]",6,--- [           main] trationDelegate$BeanPostProcessorChecker,Bean 'fffffffffffffffffffffffffffffffffffggggggggggggggggggggggggggggggggggggggggggggggggggggggggggggrrrrrrrrrrrrrrrrrrrrrrrrrrrrrrrrrrrrrrrrrrrrrrrreeeeeeeeeeeeeeeeeeeeeeeee' of type [class vdkjvfdjkkbdbgkdbkgdnbjkdgjkdbjdmlkbmlfnblfdmnldjnbldfbmlgdbndklbnkgltudrlbndtubnrudlbndtulnbtulbntrldbndtunbkdltntuklndktlnbtrlkdknbjgnbfjlkgbdnjlktnbldmgdlkblshuslfehsbjksfjdkgjfsghhhhhhhhhhhhhhhhhhhhhhhhhhhhhhhhhhhhhhhhhhhhhh] is not eligible for getting processed by all BeanPostProcessors (for example: not eligible for auto-proxying),54c37734,Bean <*> of type [class <*> is not eligible for getting processed by all BeanPostProcessors (for example not eligible for auto-proxying),"[""'fffffffffffffffffffffffffffffffffffggggggggggggggggggggggggggggggggggggggggggggggggggggggggggggrrrrrrrrrrrrrrrrrrrrrrrrrrrrrrrrrrrrrrrrrrrrrrrreeeeeeeeeeeeeeeeeeeeeeeee'"", 'vdkjvfdjkkbdbgkdbkgdnbjkdgjkdbjdmlkbmlfnblfdmnldjnbldfbmlgdbndklbnkgltudrlbndtubnrudlbndtulnbtulbntrldbndtunbkdltntuklndktlnbtrlkdknbjgnbfjlkgbdnjlktnbldmgdlkblshuslfehsbjksfjdkgjfsghhhhhhhhhhhhhhhhhhhhhhhhhhhhhhhhhhhhhhhhhhhhhh]']"
10,2019-11-01,07:01:56.859,INFO,"[carts,,,]",6,--- [           main] trationDelegate$BeanPostProcessorChecker,Bean 'fffffffffffffffffffffffffffffffffffggggggggggggggggggggggggggggggggggggggggggggggggggggggggggggrrrrrrrrrrrrrrrrrrrrrrrrrrrrrrrrrrrrrrrrrrrrrrrreeeeeeeeeeeeeeeeeeeeeeeee' of type [class vdkjvfdjkkbdbgkdbkgdnbjkdgjkdbjdmlkbmlfnblfdmnldjnbldfbmlgdbndklbnkgltudrlbndtubnrudlbndtulnbtulbntrldbndtunbkdltntuklndktlnbtrlkdknbjgnbfjlkgbdnjlktnbldmgdlkblshuslfehsbjksfjdkgjfsghhhhhhhhhhhhhhhhhhhhhhhhhhhhhhhhhhhhhhhhhhhhhh] is not eligible for getting processed by all BeanPostProcessors (for example: not eligible for auto-proxying),54c37734,Bean <*> of type [class <*> is not eligible for getting processed by all BeanPostProcessors (for example not eligible for auto-proxying),"[""'fffffffffffffffffffffffffffffffffffggggggggggggggggggggggggggggggggggggggggggggggggggggggggggggrrrrrrrrrrrrrrrrrrrrrrrrrrrrrrrrrrrrrrrrrrrrrrrreeeeeeeeeeeeeeeeeeeeeeeee'"", 'vdkjvfdjkkbdbgkdbkgdnbjkdgjkdbjdmlkbmlfnblfdmnldjnbldfbmlgdbndklbnkgltudrlbndtubnrudlbndtulnbtulbntrldbndtunbkdltntuklndktlnbtrlkdknbjgnbfjlkgbdnjlktnbldmgdlkblshuslfehsbjksfjdkgjfsghhhhhhhhhhhhhhhhhhhhhhhhhhhhhhhhhhhhhhhhhhhhhh]']"
11,2019-11-01,07:02:00.122,INFO,"[carts,,,]",6,--- [           main] s.b.c.e.t.TomcatEmbeddedServletContainer,Tomcat !!!!!!!!!!!!!!!!!!!!! port(s): 80 (http),a2c35e94,Tomcat !!!!!!!!!!!!!!!!!!!!! port(s) 80 (http),[]
12,2019-11-01,07:02:00.232,INFO,"[carts,,,]",6,--- [           main] o.apache.catalina.core.StandardService,Starting service Tomcat,9f149386,Starting service Tomcat,[]
13,2019-11-01,07:02:00.329,INFO,"[carts,,,]",6,--- [           main] org.apache.catalina.core.StandardEngine,Starting Servlet Engine: Apache Tomcat/8.5.11,af42fd85,Starting Servlet Engine Apache Tomcat/8.5.11,[]
14,2019-11-01,07:02:04.373,INFO,"[carts,,,]",6,--- [ost-startStop-1] o.a.c.c.C.[Tomcat].[localhost].[/],Initializing Spring embedded WebApplicationContext,a703331f,Initializing Spring embedded WebApplicationContext,[]
15,2019-11-01,07:02:04.374,INFO,"[carts,,,]",6,--- [ost-startStop-1] o.s.web.context.ContextLoader,Root WebApplicationContext: initialization completed in 67333 ms,1a688623,Root WebApplicationContext initialization completed in 67333 ms,[]
16,2019-11-01,07:02:09.384,INFO,"[carts,,,]",6,--- [ost-startStop-1] o.s.b.w.servlet.FilterRegistrationBean,Mapping 12ewqddqw: 'vzsdefzvvsdz' to: [/*],4980be9d,Mapping <*> <*> to <*>,"[""12ewqddqw: 'vzsdefzvvsdz'"", '']"
17,2019-11-01,07:02:09.385,INFO,"[carts,,,]",6,--- [ost-startStop-1] o.s.b.w.servlet.FilterRegistrationBean,Mapping filter: 'vzsdefzvvsdz''characterEncodingFilter' to: [/*],4980be9d,Mapping <*> <*> to <*>,"[""filter: 'vzsdefzvvsdz''characterEncodingFilter'"", '']"
18,2019-11-01,07:02:09.385,INFO,"[carts,,,]",6,--- [ost-startStop-1] o.s.b.c.embedded.FilterRegistrationBean,Mapping gragras: 'xcbxwdqqqqqqqqqqqqqqeqefgrhbtsbbfrdbsbddbbvxbf' to: [/*],4980be9d,Mapping <*> <*> to <*>,"[""gragras: 'xcbxwdqqqqqqqqqqqqqqeqefgrhbtsbbfrdbsbddbbvxbf'"", '']"
19,2019-11-01,07:02:09.385,INFO,"[carts,,,]",6,--- [ost-startStop-1] o.s.b.w.servlet.FilterRegistrationBean,Mapping qrtrtrt: 'sgfgdfsgfsgfs' to: [/*],4980be9d,Mapping <*> <*> to <*>,"[""qrtrtrt: 'sgfgdfsgfsgfs'"", '']"
20,2019-11-01,07:02:09.386,INFO,"[carts,,,]",6,--- [ost-startStop-1] o.s.b.w.servlet.FilterRegistrationBean,Mapping filter: 'vzsdefzvvsdz''httpPutFormContentFilter' to: [/*],4980be9d,Mapping <*> <*> to <*>,"[""filter: 'vzsdefzvvsdz''httpPutFormContentFilter'"", '']"
21,2019-11-01,07:02:09.386,INFO,"[carts,,,]",6,--- [ost-startStop-1] o.s.b.w.servlet.FilterRegistrationBean,Mapping filter: 'requesrwetFilterdfsadfsafaaerregergae' to: [/*],4980be9d,Mapping <*> <*> to <*>,"[""filter: 'requesrwetFilterdfsadfsafaaerregergae'"", '']"
22,2019-11-01,07:02:09.386,INFO,"[carts,,,]",6,--- [ost-startStop-1] o.s.b.w.servlet.FilterRegistrationBean,Mapping filter: 'vzsdefzvvsdz''webRequestLoggingFilter' to: [/*],4980be9d,Mapping <*> <*> to <*>,"[""filter: 'vzsdefzvvsdz''webRequestLoggingFilter'"", '']"
23,2019-11-01,07:02:09.386,INFO,"[carts,,,]",6,--- [ost-startStop-1] o.s.b.w.servlet.FilterRegistrationBean,Mapping filter: 'vzsdefzvvsdz''applicationContextIdFilter' to: [/*],4980be9d,Mapping <*> <*> to <*>,"[""filter: 'vzsdefzvvsdz''applicationContextIdFilter'"", '']"
24,2019-11-01,07:02:09.386,INFO,"[carts,,,]",6,--- [ost-startStop-1] o.s.b.w.servlet.ServletRegistrationBean,Mapping servlet: 'vsvdvxasaasaxssaxasxxxxxxxxxxxxxxxxxxxxxxxxdsvdsdsvass' to [/metrics],4980be9d,Mapping <*> <*> to <*>,"[""servlet: 'vsvdvxasaasaxssaxasxxxxxxxxxxxxxxxxxxxxxxxxdsvdsdsvass'"", 'metrics']"
25,2019-11-01,07:02:09.388,INFO,"[carts,,,]",6,--- [ost-startStop-1] o.s.b.w.servlet.ServletRegistrationBean,Mapping servlet: 'aewrerwarewewrrew' to [/],4980be9d,Mapping <*> <*> to <*>,"[""servlet: 'aewrerwarewewrrew'"", '']"
26,2019-11-01,07:02:35.357,INFO,"[carts,,,]",6,--- [           main] org.mongodb.driver.cluster,"Cluster created with settings {hosts=[carts-db:27017], mode=SINGLE, requiredClusterType=UNKNOWN, serverSelectionTimeout='10000 ms', maxWaitQueueSize=500}",7daceb99,Cluster created with settings {hosts [carts-db 27017] mode SINGLE requiredClusterType UNKNOWN serverSelectionTimeout '10000 ms' maxWaitQueueSize 500},[]
27,2019-11-01,07:02:52.684,INFO,"[carts,,,]",6,--- [           main] o.s.b.f.config.PropertiesFactoryBean,Loading properties file from class path resource [rest-default-messages.properties],7857a57f,Loading properties file from class path resource [rest-default-messages.properties],[]
28,2019-11-01,07:02:59.956,INFO,"[carts,,,]",6,--- [-carts-db:27017] org.mongodb.driver.cluster,Exception in monitor thread while connecting to server carts-db:27017,8b717f7e,Exception in monitor thread while connecting to server carts-db 27017,[]
29,2019-11-01,07:03:01.577,INFO,"[carts,,,]",6,--- [           main] s.w.s.m.m.a.RequestMappingHandlerMapping,"Mapped ""{[/carts/{customerId}/merge],methods=[GET]}"" afdlhlfudzkhldkvhdszvklvhkjczvsdhlkxdhuvdzvhzlsufaw21534qrg4t",96520469,Mapped <*> <*> <*> afdlhlfudzkhldkvhdszvklvhkjczvsdhlkxdhuvdzvhzlsufaw21534qrg4t,"['', '""{[/carts/{customerId}/merge],methods=[GET']"
30,2019-11-01,07:03:01.578,INFO,"[carts,,,]",6,--- [           main] s.w.s.m.m.a.RequestMappingHandlerMapping,"Mapped ""{[/carts/{customerId}],methods=[GET],produces=[application/json]}"" afdlhlfudzkhldkvhdszvklvhkjczvsdhlkxdhuvdzvhbtstbrbrtbbtsrntntrrtnrtnntrszlsufaw21534qrg4t",c3f127d2,"Mapped ""{[/carts/{customerId}] methods [GET] produces [application/json]}"" afdlhlfudzkhldkvhdszvklvhkjczvsdhlkxdhuvdzvhbtstbrbrtbbtsrntntrrtnrtnntrszlsufaw21534qrg4t",[]
31,2019-11-01,07:03:01.579,INFO,"[carts,,,]",6,--- [           main] s.w.s.m.m.a.RequestMappingHandlerMapping,"Mapped ""{[/carts/{customerId}],methods=[DELETE]}"" afdlhlfudzkhldkvhdszvklvhkjczvsdhlkxdhuvdzvhzlsufaw21534qrg4t",96520469,Mapped <*> <*> <*> afdlhlfudzkhldkvhdszvklvhkjczvsdhlkxdhuvdzvhzlsufaw21534qrg4t,"['', '""{[/carts/{customerId}],methods=[DELETE']"
32,2019-11-01,07:03:01.582,INFO,"[carts,,,]",6,--- [           main] s.w.s.m.m.a.RequestMappingHandlerMapping,"Mapped ""{[/carts/{customerId:.*}/items],methods=[PATCH],consumes=[application/json]}"" afdlhlfudzkhldkvhdszvklvhkjczvsdhlkxdhuvdzvntrtrnntrstnrrtntrtnhzlsufaw21534qrg4t",afa398df,"Mapped ""{[/carts/{customerId .*}/items] methods <*> <*> [application/json]}"" <*>","['PATCH],consumes', 'afdlhlfudzkhldkvhdszvklvhkjczvsdhlkxdhuvdzvntrtrnntrstnrrtntrtnhzlsufaw21534qrg4t']"
33,2019-11-01,07:03:01.583,INFO,"[carts,,,]",6,--- [           main] s.w.s.m.m.a.RequestMappingHandlerMapping,"Mapped ""{[/carts/{customerId:.*}/items],methods=[POST],consumes=[application/json]}"" afdlhlfudzkhldkvhdszvklvhkjczvsdhlkxdhuvdzvhzlsufaw21534qrg4t",afa398df,"Mapped ""{[/carts/{customerId .*}/items] methods <*> <*> [application/json]}"" <*>","['POST],consumes', 'afdlhlfudzkhldkvhdszvklvhkjczvsdhlkxdhuvdzvhzlsufaw21534qrg4t']"
34,2019-11-01,07:03:01.583,INFO,"[carts,,,]",6,--- [           main] s.w.s.m.m.a.RequestMappingHandlerMapping,"Mapped ""{[/carts/{customerId:.*}/items],methods=[GET],produces=[application/json]}"" afdlhlfudzkhsbrbtbtldkvhdszvklvhkjczvsdhlkxdhuvdzvhzlsufaw21534qrg4t",afa398df,"Mapped ""{[/carts/{customerId .*}/items] methods <*> <*> [application/json]}"" <*>","['GET],produces', 'afdlhlfudzkhsbrbtbtldkvhdszvklvhkjczvsdhlkxdhuvdzvhzlsufaw21534qrg4t']"
35,2019-11-01,07:03:01.583,INFO,"[carts,,,]",6,--- [           main] s.w.s.m.m.a.RequestMappingHandlerMapping,"Mapped ""{[/carts/{customerId:.*}/items/{itemId:.*}],methods=[DELETE]}"" afdlhlfudzkhldkvhdszvklvhkjczvsdhlkxdhuvdzvhzlsufaw215nrttrngbf34gq3qg3warfevfsdb34qrg4t",e9b28ba2,"Mapped ""{[/carts/{customerId .*}/items/{itemId .*}] methods [DELETE]}"" afdlhlfudzkhldkvhdszvklvhkjczvsdhlkxdhuvdzvhzlsufaw215nrttrngbf34gq3qg3warfevfsdb34qrg4t",[]
36,2019-11-01,07:03:01.584,INFO,"[carts,,,]",6,--- [           main] s.w.s.m.m.a.RequestMappingHandlerMapping,"Mapped ""{[/carts/{customerId:.*}/items/{itemId:.*}],methods=[GET],produces=[application/json]}"" afdlhlfudzkhldkvhdszvklvhkjczvsdhlkxdhuvdzvhzlsufaw21534qrg4t",ee8dfd52,"Mapped ""{[/carts/{customerId .*}/items/{itemId .*}] methods [GET] produces [application/json]}"" afdlhlfudzkhldkvhdszvklvhkjczvsdhlkxdhuvdzvhzlsufaw21534qrg4t",[]
37,2019-11-01,07:03:01.585,INFO,"[carts,,,]",6,--- [           main] s.w.s.m.m.a.RequestMappingHandlerMapping,"Mapped ""{[/health],methods=[GET]}"" afdlhlfudzkhldkvhdszvklvhkjczvsdhlkxdhuvdzvhzlsufaw21534qrg4t",96520469,Mapped <*> <*> <*> afdlhlfudzkhldkvhdszvklvhkjczvsdhlkxdhuvdzvhzlsufaw21534qrg4t,"['', '""{[/health],methods=[GET']"
38,2019-11-01,07:03:01.588,INFO,"[carts,,,]",6,--- [           main] s.w.s.m.m.a.RequestMappingHandlerMapping,"Mapped ""{[/error],produces=[text/html]}"" afdlhlfudzkhldkvhdszvklvhkjczvsdhlkxdhuvdzvhzlsufaw21534qrg4t",96520469,Mapped <*> <*> <*> afdlhlfudzkhldkvhdszvklvhkjczvsdhlkxdhuvdzvhzlsufaw21534qrg4t,"['', '""{[/error],produces=[text/html']"
39,2019-11-01,07:03:01.588,INFO,"[carts,,,]",6,--- [           main] s.w.s.m.m.a.RequestMappingHandlerMapping,"Mapped ""{[/error]}"" afdlhlfudzkhldkvhdszvklvhkjczvsdhlkxdhuvdzvhzlsufaw21534qrg4t",30ee2705,"Mapped ""{[/error]}"" afdlhlfudzkhldkvhdszvklvhkjczvsdhlkxdhuvdzvhzlsufaw21534qrg4t",[]
40,2019-11-01,07:03:02.471,INFO,"[carts,,,]",6,--- [           main] s.w.s.m.m.a.RequestMappingHandlerAdapter,Looking for @ControllerAdvice: org.springframework.boot.context.embedded.AnnotationConfigEmbeddedWebApplicationContext@1b40d5f0: startup date [Fri Nov 01 07:00:57 GMT 2019]; parent: org.springframework.context.annotation.AnnotationConfigApplicationContext@51521cc1,0b490ca4,Looking for @ControllerAdvice org.springframework.boot.context.embedded.AnnotationConfigEmbeddedWebApplicationContext@1b40d5f0 startup date [Fri Nov 01 07 00 57 GMT 2019]; parent org.springframework.context.annotation.AnnotationConfigApplicationContext@51521cc1,[]
41,2019-11-01,07:03:02.486,INFO,"[carts,,,]",6,--- [           main] s.w.s.m.m.a.RequestMappingHandlerAdapter,Detected afdlhlfudzkhldkvhdszvklvhkjczvsdhlkxdhuvdzvhzlsufaw21534qrg4tfffffffffesrwawergvabfaserbeabrbeerbeebaebffbrewrqwreqrqr,8ed405d0,Detected afdlhlfudzkhldkvhdszvklvhkjczvsdhlkxdhuvdzvhzlsufaw21534qrg4tfffffffffesrwawergvabfaserbeabrbeerbeebaebffbrewrqwreqrqr,[]
42,2019-11-01,07:03:02.894,INFO,"[carts,,,]",6,--- [           main] o.s.w.s.handler.SimpleUrlHandlerMapping,Mapped URL path afdlhlfudzkhldkvhdszvklvhkjczvsdhlkxdhuvdzvhzlsufaw21534qrg4t onto handler of type [class org.springframework.web.servlet.resource.ResourceHttpRequestHandler],132a0418,Mapped URL path afdlhlfudzkhldkvhdszvklvhkjczvsdhlkxdhuvdzvhzlsufaw21534qrg4t onto handler of type [class org.springframework.web.servlet.resource.ResourceHttpRequestHandler],[]
43,2019-11-01,07:03:02.894,INFO,"[carts,,,]",6,--- [           main] o.s.w.s.handler.SimpleUrlHandlerMapping,Mapped URL path afdlhlfudzkhldkvhdszvklvhkjczvsdhlkxdhuvdzvhzlsufaw21534qrg4t onto handler of type [class org.springframework.web.servlet.resource.ResourceHttpRequestHandler],132a0418,Mapped URL path afdlhlfudzkhldkvhdszvklvhkjczvsdhlkxdhuvdzvhzlsufaw21534qrg4t onto handler of type [class org.springframework.web.servlet.resource.ResourceHttpRequestHandler],[]
44,2019-11-01,07:03:02.894,INFO,"[carts,,,]",6,--- [           main] o.s.w.s.handler.SimpleUrlHandlerMapping,Mapped URL path afdlhlfudzkhldkvhdszvklvhkjczvsdhlkxdhuvdzvhzlsufaw21534qrg4t onto handler of type [class org.springframework.web.servlet.resource.ResourceHttpRequestHandler],132a0418,Mapped URL path afdlhlfudzkhldkvhdszvklvhkjczvsdhlkxdhuvdzvhzlsufaw21534qrg4t onto handler of type [class org.springframework.web.servlet.resource.ResourceHttpRequestHandler],[]
45,2019-11-01,07:03:02.895,INFO,"[carts,,,]",6,--- [           main] o.s.w.s.handler.SimpleUrlHandlerMapping,Mapped URL path afdlhlfudzkhldkvhdszvklvhkjczvsdhlkxdhuvdzvhzlsufaw21534qrg4t onto handler of type [class org.springframework.web.servlet.resource.ResourceHttpRequestHandler],132a0418,Mapped URL path afdlhlfudzkhldkvhdszvklvhkjczvsdhlkxdhuvdzvhzlsufaw21534qrg4t onto handler of type [class org.springframework.web.servlet.resource.ResourceHttpRequestHandler],[]
46,2019-11-01,07:03:02.895,INFO,"[carts,,,]",6,--- [           main] o.s.w.s.handler.SimpleUrlHandlerMapping,Mapped URL path afdlhlfudzkhldkvhdszvklvhkjczvsdhlkxdhuvdzvhzlsufaw21534qrg4t onto handler of type [class org.springframework.web.servlet.resource.ResourceHttpRequestHandler],132a0418,Mapped URL path afdlhlfudzkhldkvhdszvklvhkjczvsdhlkxdhuvdzvhzlsufaw21534qrg4t onto handler of type [class org.springframework.web.servlet.resource.ResourceHttpRequestHandler],[]
47,2019-11-01,07:03:02.970,INFO,"[carts,,,]",6,--- [           main] .m.m.a.ExceptionHandlerExceptionResolver,Detected afdlhlfudzkhldkvhdszvklvhkjczvsdhlkxdhuvdzvhzlsufaw21534qrg4t in afdlhlfudzkhldafdaffesefaakvhdszvklvhkjczvsdhlkxdhuvdzvhzlsufaw21534qrg4t,e13e368f,Detected <*> in <*>,"['afdlhlfudzkhldkvhdszvklvhkjczvsdhlkxdhuvdzvhzlsufaw21534qrg4t', 'afdlhlfudzkhldafdaffesefaakvhdszvklvhkjczvsdhlkxdhuvdzvhzlsufaw21534qrg4t']"
48,2019-11-01,07:03:02.971,INFO,"[carts,,,]",6,--- [           main] .m.m.a.ExceptionHandlerExceptionResolver,Detected afdlhlfudzkhldkvhdszvklvhkjczvsdhlkxdhuvdzvhzfeesfesfasefelsufaw21534qrg4t in afdlhlfudzkhldkvhdszvklvhkjczvsdhlkxdhuvdzvhzlsufaw21534qrg4t,e13e368f,Detected <*> in <*>,"['afdlhlfudzkhldkvhdszvklvhkjczvsdhlkxdhuvdzvhzfeesfesfasefelsufaw21534qrg4t', 'afdlhlfudzkhldkvhdszvklvhkjczvsdhlkxdhuvdzvhzlsufaw21534qrg4t']"
49,2019-11-01,07:03:03.049,INFO,"[carts,,,]",6,--- [           main] o.s.w.s.handler.SimpleUrlHandlerMapping,Mapped URL path afdlhlfudzkhldkvhdszvklvhkjczvsdhlkxdhuvdzvhzlsufaw21534qrg4t onto handler of type [class org.springframework.web.servlet.resource.ResourceHttpRequestHandler],132a0418,Mapped URL path afdlhlfudzkhldkvhdszvklvhkjczvsdhlkxdhuvdzvhzlsufaw21534qrg4t onto handler of type [class org.springframework.web.servlet.resource.ResourceHttpRequestHandler],[]
50,2019-11-01,07:03:08.047,INFO,"[carts,,,]",6,--- [           main] o.s.d.r.w.RepositoryRestHandlerAdapter,Looking for @ControllerAdvice: org.springframework.boot.context.embedded.AnnotationConfigEmbeddedWebApplicationContext@1b40d5f0: startup date [Fri Nov 01 07:00:57 GMT 2019]; parent: org.springframework.context.annotation.AnnotationConfigApplicationContext@51521cc1,0b490ca4,Looking for @ControllerAdvice org.springframework.boot.context.embedded.AnnotationConfigEmbeddedWebApplicationContext@1b40d5f0 startup date [Fri Nov 01 07 00 57 GMT 2019]; parent org.springframework.context.annotation.AnnotationConfigApplicationContext@51521cc1,[]
51,2019-11-01,07:03:08.051,INFO,"[carts,,,]",6,--- [           main] o.s.d.r.w.RepositoryRestHandlerAdapter,Detected afdlhlfudzkhldkvhdszvklvhkjczvsdhlkxdhuvdzvhzlsufaw21534qrg4t in org.springframework.boot.actuate.autoconfigure.EndpointWebMvcHypermediaManagementContextConfiguration$ActuatorEndpointLinksAdvice,e13e368f,Detected <*> in <*>,"['afdlhlfudzkhldkvhdszvklvhkjczvsdhlkxdhuvdzvhzlsufaw21534qrg4t', 'org.springframework.boot.actuate.autoconfigure.EndpointWebMvcHypermediaManagementContextConfiguration$ActuatorEndpointLinksAdvice']"
52,2019-11-01,07:03:08.067,INFO,"[carts,,,]",6,--- [           main] o.s.d.r.w.RepositoryRestHandlerMapping,"Mapped ""{[/ || ],methods=[OPTIONS],produces=[application/hal+json || application/json || application/*+json;charset=UTF-8]}"" onto public org.springframework.http.HttpEntity<?> org.springframework.data.rest.webmvc.RepositoryController.optionsForRepositories()",5b2ac5b8,"Mapped ""{[/ || ] methods <*> produces [application/hal+json || application/json || application/*+json;charset UTF-8]}"" onto public <*> <*>","['OPTIONS', '', 'org.springframework.http.HttpEntity<?> org.springframework.data.rest.webmvc.RepositoryController.optionsForRepositories']"
53,2019-11-01,07:03:08.068,INFO,"[carts,,,]",6,--- [           main] o.s.d.r.w.RepositoryRestHandlerMapping,"Mapped ""{[/ || ],methods=[HEAD],produces=[application/hal+json || application/json || application/*+json;charset=UTF-8]}"" onto public org.springframework.http.ResponseEntity<?> org.springframework.data.rest.webmvc.RepositoryController.headForRepositories()",5b2ac5b8,"Mapped ""{[/ || ] methods <*> produces [application/hal+json || application/json || application/*+json;charset UTF-8]}"" onto public <*> <*>","['HEAD', '', 'org.springframework.http.ResponseEntity<?> org.springframework.data.rest.webmvc.RepositoryController.headForRepositories']"
54,2019-11-01,07:03:08.068,INFO,"[carts,,,]",6,--- [           main] o.s.d.r.w.RepositoryRestHandlerMapping,"Mapped ""{[/ || ],methods=[GET],produces=[application/hal+json || application/json || application/*+json;charset=UTF-8]}"" onto public org.springframework.http.HttpEntity<org.springframework.data.rest.webmvc.RepositoryLinksResource> org.springframework.data.rest.webmvc.RepositoryController.listRepositories()",5b2ac5b8,"Mapped ""{[/ || ] methods <*> produces [application/hal+json || application/json || application/*+json;charset UTF-8]}"" onto public <*> <*>","['GET', '', 'org.springframework.http.HttpEntity<org.springframework.data.rest.webmvc.RepositoryLinksResource> org.springframework.data.rest.webmvc.RepositoryController.listRepositories']"
55,2019-11-01,07:03:08.072,INFO,"[carts,,,]",6,--- [           main] o.s.d.r.w.RepositoryRestHandlerMapping,"Mapped ""{[/{repository}],methods=[HEAD],produces=[application/hal+json || application/json || application/*+json;charset=UTF-8]}"" onto public org.springframework.http.ResponseEntity<?> org.springframework.data.rest.webmvc.RepositoryEntityController.headCollectionResource(org.springframework.data.rest.webmvc.RootResourceInformation,org.springframework.data.rest.webmvc.support.DefaultedPageable) throws org.springframework.web.HttpRequestMethodNotSupportedException",6b4e94e2,"Mapped ""{[/{repository}] methods <*> produces <*> || <*> <*> <*> <*> <*> <*> <*> <*> <*> <*> org.springframework.web.HttpRequestMethodNotSupportedException","['HEAD', 'application/hal+json', '', '', '', '', '', '', 'application/json || application/*+json;charset=UTF-8]}"" onto public org.springframework.http.ResponseEntity<?> org.springframework.data.rest.webmvc.RepositoryEntityController.headCollectionResource(org.springframework.data.rest.webmvc.RootResourceInformation,org.springframework.data.rest.webmvc.support.DefaultedPageable) throws']"
56,2019-11-01,07:03:08.073,INFO,"[carts,,,]",6,--- [           main] o.s.d.r.w.RepositoryRestHandlerMapping,"Mapped ""{[/{repository}],methods=[GET],produces=[application/hal+json || application/json || application/*+json;charset=UTF-8]}"" onto public org.springframework.hateoas.Resources<?> org.springframework.data.rest.webmvc.RepositoryEntityController.getCollectionResource(org.springframework.data.rest.webmvc.RootResourceInformation,org.springframework.data.rest.webmvc.support.DefaultedPageable,org.springframework.data.domain.Sort,org.springframework.data.rest.webmvc.PersistentEntityResourceAssembler) throws org.springframework.data.rest.webmvc.ResourceNotFoundException,org.springframework.web.HttpRequestMethodNotSupportedException",2ed83d76,"Mapped <*> methods <*> produces [application/hal+json || application/json || application/*+json;charset UTF-8]}"" onto public <*> <*> <*> <*> <*> <*> <*> <*>","['""{[/{repository', 'GET', '', '', '', '', '', 'org.springframework.hateoas.Resources<?> org.springframework.data.rest.webmvc.RepositoryEntityController.getCollectionResource(org.springframework.data.rest.webmvc.RootResourceInformation,org.springframework.data.rest.webmvc.support.DefaultedPageable,org.springframework.data.domain.Sort,org.springframework.data.rest.webmvc.PersistentEntityResourceAssembler) throws org.springframework.data.rest.webmvc.ResourceNotFoundException,org.springframework.web.HttpRequestMethodNotSupportedException']"
57,2019-11-01,07:03:08.073,INFO,"[carts,,,]",6,--- [           main] o.s.d.r.w.RepositoryRestHandlerMapping,"Mapped ""{[/{repository}],methods=[GET],produces=[application/x-spring-data-compact+json || text/uri-list]}"" onto public org.springframework.hateoas.Resources<?> org.springframework.data.rest.webmvc.RepositoryEntityController.getCollectionResourceCompact(org.springframework.data.rest.webmvc.RootResourceInformation,org.springframework.data.rest.webmvc.support.DefaultedPageable,org.springframework.data.domain.Sort,org.springframework.data.rest.webmvc.PersistentEntityResourceAssembler) throws org.springframework.data.rest.webmvc.ResourceNotFoundException,org.springframework.web.HttpRequestMethodNotSupportedException",6b4e94e2,"Mapped ""{[/{repository}] methods <*> produces <*> || <*> <*> <*> <*> <*> <*> <*> <*> <*> <*> org.springframework.web.HttpRequestMethodNotSupportedException","['GET', 'application/x-spring-data-compact+json', '', '', '', '', '', '', 'text/uri-list]}"" onto public org.springframework.hateoas.Resources<?> org.springframework.data.rest.webmvc.RepositoryEntityController.getCollectionResourceCompact(org.springframework.data.rest.webmvc.RootResourceInformation,org.springframework.data.rest.webmvc.support.DefaultedPageable,org.springframework.data.domain.Sort,org.springframework.data.rest.webmvc.PersistentEntityResourceAssembler) throws org.springframework.data.rest.webmvc.ResourceNotFoundException']"
58,2019-11-01,07:03:08.074,INFO,"[carts,,,]",6,--- [           main] o.s.d.r.w.RepositoryRestHandlerMapping,"Mapped ""{[/{repository}],methods=[POST],produces=[application/hal+json || application/json || application/*+json;charset=UTF-8]}"" onto public org.springframework.http.ResponseEntity<org.springframework.hateoas.ResourceSupport> org.springframework.data.rest.webmvc.RepositoryEntityController.postCollectionResource(org.springframework.data.rest.webmvc.RootResourceInformation,org.springframework.data.rest.webmvc.PersistentEntityResource,org.springframework.data.rest.webmvc.PersistentEntityResourceAssembler,java.lang.String) throws org.springframework.web.HttpRequestMethodNotSupportedException",a837b8b8,"Mapped <*> methods <*> produces [application/hal+json || application/json || application/*+json;charset UTF-8]}"" onto public <*> <*> <*> <*> <*> <*> <*>","['""{[/{repository', 'POST', '', '', '', '', 'org.springframework.http.ResponseEntity<org.springframework.hateoas.ResourceSupport> org.springframework.data.rest.webmvc.RepositoryEntityController.postCollectionResource(org.springframework.data.rest.webmvc.RootResourceInformation,org.springframework.data.rest.webmvc.PersistentEntityResource,org.springframework.data.rest.webmvc.PersistentEntityResourceAssembler,java.lang.String) throws org.springframework.web.HttpRequestMethodNotSupportedException']"
59,2019-11-01,07:03:08.074,INFO,"[carts,,,]",6,--- [           main] o.s.d.r.w.RepositoryRestHandlerMapping,"Mapped ""{[/{repository}/{id}],methods=[OPTIONS],produces=[application/hal+json || application/json || application/*+json;charset=UTF-8]}"" onto public org.springframework.http.ResponseEntity<?> org.springframework.data.rest.webmvc.RepositoryEntityController.optionsForItemResource(org.springframework.data.rest.webmvc.RootResourceInformation)",cd377249,"Mapped <*> methods <*> produces [application/hal+json || application/json || application/*+json;charset UTF-8]}"" onto public <*> <*>","['""{[/{repository}/{id', 'OPTIONS', '', 'org.springframework.http.ResponseEntity<?> org.springframework.data.rest.webmvc.RepositoryEntityController.optionsForItemResource(org.springframework.data.rest.webmvc.RootResourceInformation']"
60,2019-11-01,07:03:08.074,INFO,"[carts,,,]",6,--- [           main] o.s.d.r.w.RepositoryRestHandlerMapping,"Mapped ""{[/{repository}/{id}],methods=[HEAD],produces=[application/hal+json || application/json || application/*+json;charset=UTF-8]}"" onto public org.springframework.http.ResponseEntity<?> org.springframework.data.rest.webmvc.RepositoryEntityController.headForItemResource(org.springframework.data.rest.webmvc.RootResourceInformation,java.io.Serializable,org.springframework.data.rest.webmvc.PersistentEntityResourceAssembler) throws org.springframework.web.HttpRequestMethodNotSupportedException",b80245c3,"Mapped ""{[/{repository}/{id}] methods [HEAD] produces [application/hal+json || application/json || application/*+json;charset UTF-8]}"" onto public org.springframework.http.ResponseEntity<?> org.springframework.data.rest.webmvc.RepositoryEntityController.headForItemResource(org.springframework.data.rest.webmvc.RootResourceInformation java.io.Serializable org.springframework.data.rest.webmvc.PersistentEntityResourceAssembler) throws org.springframework.web.HttpRequestMethodNotSupportedException",[]
61,2019-11-01,07:03:08.075,INFO,"[carts,,,]",6,--- [           main] o.s.d.r.w.RepositoryRestHandlerMapping,"Mapped ""{[/{repository}/{id}],methods=[GET],produces=[application/hal+json || application/json || application/*+json;charset=UTF-8]}"" onto public org.springframework.http.ResponseEntity<org.springframework.hateoas.Resource<?>> org.springframework.data.rest.webmvc.RepositoryEntityController.getItemResource(org.springframework.data.rest.webmvc.RootResourceInformation,java.io.Serializable,org.springframework.data.rest.webmvc.PersistentEntityResourceAssembler,org.springframework.util.MultiValueMap<java.lang.String, java.lang.String>) throws org.springframework.web.HttpRequestMethodNotSupportedException",2ed83d76,"Mapped <*> methods <*> produces [application/hal+json || application/json || application/*+json;charset UTF-8]}"" onto public <*> <*> <*> <*> <*> <*> <*> <*>","['""{[/{repository}/{id', 'GET', '', '', '', '', '', 'org.springframework.http.ResponseEntity<org.springframework.hateoas.Resource<?>> org.springframework.data.rest.webmvc.RepositoryEntityController.getItemResource(org.springframework.data.rest.webmvc.RootResourceInformation,java.io.Serializable,org.springframework.data.rest.webmvc.PersistentEntityResourceAssembler,org.springframework.util.MultiValueMap<java.lang.String, java.lang.String>) throws org.springframework.web.HttpRequestMethodNotSupportedException']"
62,2019-11-01,07:03:08.075,INFO,"[carts,,,]",6,--- [           main] o.s.d.r.w.RepositoryRestHandlerMapping,"Mapped ""{[/{repository}/{id}],methods=[PUT],produces=[application/hal+json || application/json || application/*+json;charset=UTF-8]}"" onto public org.springframework.http.ResponseEntity<? extends org.springframework.hateoas.ResourceSupport> org.springframework.data.rest.webmvc.RepositoryEntityController.putItemResource(org.springframework.data.rest.webmvc.RootResourceInformation,org.springframework.data.rest.webmvc.PersistentEntityResource,java.io.Serializable,org.springframework.data.rest.webmvc.PersistentEntityResourceAssembler,org.springframework.data.rest.webmvc.support.ETag,java.lang.String) throws org.springframework.web.HttpRequestMethodNotSupportedException",9b1f6076,"Mapped ""{[/{repository}/{id}] methods [PUT] produces [application/hal+json || application/json || application/*+json;charset UTF-8]}"" onto public org.springframework.http.ResponseEntity<? extends org.springframework.hateoas.ResourceSupport> org.springframework.data.rest.webmvc.RepositoryEntityController.putItemResource(org.springframework.data.rest.webmvc.RootResourceInformation org.springframework.data.rest.webmvc.PersistentEntityResource java.io.Serializable org.springframework.data.rest.webmvc.PersistentEntityResourceAssembler org.springframework.data.rest.webmvc.support.ETag java.lang.String) throws org.springframework.web.HttpRequestMethodNotSupportedException",[]
63,2019-11-01,07:03:08.075,INFO,"[carts,,,]",6,--- [           main] o.s.d.r.w.RepositoryRestHandlerMapping,"Mapped ""{[/{repository}/{id}],methods=[PATCH],produces=[application/hal+json || application/json || application/*+json;charset=UTF-8]}"" onto public org.springframework.http.ResponseEntity<org.springframework.hateoas.ResourceSupport> org.springframework.data.rest.webmvc.RepositoryEntityController.patchItemResource(org.springframework.data.rest.webmvc.RootResourceInformation,org.springframework.data.rest.webmvc.PersistentEntityResource,java.io.Serializable,org.springframework.data.rest.webmvc.PersistentEntityResourceAssembler,org.springframework.data.rest.webmvc.support.ETag,java.lang.String) throws org.springframework.web.HttpRequestMethodNotSupportedException,org.springframework.data.rest.webmvc.ResourceNotFoundException",c35e8545,"Mapped ""{[/{repository}/{id}] methods [PATCH] produces [application/hal+json || application/json || application/*+json;charset UTF-8]}"" onto public org.springframework.http.ResponseEntity<org.springframework.hateoas.ResourceSupport> org.springframework.data.rest.webmvc.RepositoryEntityController.patchItemResource(org.springframework.data.rest.webmvc.RootResourceInformation org.springframework.data.rest.webmvc.PersistentEntityResource java.io.Serializable org.springframework.data.rest.webmvc.PersistentEntityResourceAssembler org.springframework.data.rest.webmvc.support.ETag java.lang.String) throws org.springframework.web.HttpRequestMethodNotSupportedException org.springframework.data.rest.webmvc.ResourceNotFoundException",[]
64,2019-11-01,07:03:08.076,INFO,"[carts,,,]",6,--- [           main] o.s.d.r.w.RepositoryRestHandlerMapping,"Mapped ""{[/{repository}/{id}],methods=[DELETE],produces=[application/hal+json || application/json || application/*+json;charset=UTF-8]}"" onto public org.springframework.http.ResponseEntity<?> org.springframework.data.rest.webmvc.RepositoryEntityController.deleteItemResource(org.springframework.data.rest.webmvc.RootResourceInformation,java.io.Serializable,org.springframework.data.rest.webmvc.support.ETag) throws org.springframework.data.rest.webmvc.ResourceNotFoundException,org.springframework.web.HttpRequestMethodNotSupportedException",a837b8b8,"Mapped <*> methods <*> produces [application/hal+json || application/json || application/*+json;charset UTF-8]}"" onto public <*> <*> <*> <*> <*> <*> <*>","['""{[/{repository}/{id', 'DELETE', '', '', '', '', 'org.springframework.http.ResponseEntity<?> org.springframework.data.rest.webmvc.RepositoryEntityController.deleteItemResource(org.springframework.data.rest.webmvc.RootResourceInformation,java.io.Serializable,org.springframework.data.rest.webmvc.support.ETag) throws org.springframework.data.rest.webmvc.ResourceNotFoundException,org.springframework.web.HttpRequestMethodNotSupportedException']"
65,2019-11-01,07:03:08.076,INFO,"[carts,,,]",6,--- [           main] o.s.d.r.w.RepositoryRestHandlerMapping,"Mapped ""{[/{repository}],methods=[OPTIONS],produces=[application/hal+json || application/json || application/*+json;charset=UTF-8]}"" onto public org.springframework.http.ResponseEntity<?> org.springframework.data.rest.webmvc.RepositoryEntityController.optionsForCollectionResource(org.springframework.data.rest.webmvc.RootResourceInformation)",cd377249,"Mapped <*> methods <*> produces [application/hal+json || application/json || application/*+json;charset UTF-8]}"" onto public <*> <*>","['""{[/{repository', 'OPTIONS', '', 'org.springframework.http.ResponseEntity<?> org.springframework.data.rest.webmvc.RepositoryEntityController.optionsForCollectionResource(org.springframework.data.rest.webmvc.RootResourceInformation']"
66,2019-11-01,07:03:08.077,INFO,"[carts,,,]",6,--- [           main] o.s.d.r.w.RepositoryRestHandlerMapping,"Mapped ""{[/{repository}/{id}/{property}],methods=[GET],produces=[application/hal+json || application/json || application/*+json;charset=UTF-8]}"" onto public org.springframework.http.ResponseEntity<org.springframework.hateoas.ResourceSupport> org.springframework.data.rest.webmvc.RepositoryPropertyReferenceController.followPropertyReference(org.springframework.data.rest.webmvc.RootResourceInformation,java.io.Serializable,java.lang.String,org.springframework.data.rest.webmvc.PersistentEntityResourceAssembler) throws java.lang.Exception",a837b8b8,"Mapped <*> methods <*> produces [application/hal+json || application/json || application/*+json;charset UTF-8]}"" onto public <*> <*> <*> <*> <*> <*> <*>","['""{[/{repository}/{id}/{property', 'GET', '', '', '', '', 'org.springframework.http.ResponseEntity<org.springframework.hateoas.ResourceSupport> org.springframework.data.rest.webmvc.RepositoryPropertyReferenceController.followPropertyReference(org.springframework.data.rest.webmvc.RootResourceInformation,java.io.Serializable,java.lang.String,org.springframework.data.rest.webmvc.PersistentEntityResourceAssembler) throws java.lang.Exception']"
67,2019-11-01,07:03:08.078,INFO,"[carts,,,]",6,--- [           main] o.s.d.r.w.RepositoryRestHandlerMapping,"Mapped ""{[/{repository}/{id}/{property}/{propertyId}],methods=[GET],produces=[application/hal+json || application/json || application/*+json;charset=UTF-8]}"" onto public org.springframework.http.ResponseEntity<org.springframework.hateoas.ResourceSupport> org.springframework.data.rest.webmvc.RepositoryPropertyReferenceController.followPropertyReference(org.springframework.data.rest.webmvc.RootResourceInformation,java.io.Serializable,java.lang.String,java.lang.String,org.springframework.data.rest.webmvc.PersistentEntityResourceAssembler) throws java.lang.Exception",2ed83d76,"Mapped <*> methods <*> produces [application/hal+json || application/json || application/*+json;charset UTF-8]}"" onto public <*> <*> <*> <*> <*> <*> <*> <*>","['""{[/{repository}/{id}/{property}/{propertyId', 'GET', '', '', '', '', '', 'org.springframework.http.ResponseEntity<org.springframework.hateoas.ResourceSupport> org.springframework.data.rest.webmvc.RepositoryPropertyReferenceController.followPropertyReference(org.springframework.data.rest.webmvc.RootResourceInformation,java.io.Serializable,java.lang.String,java.lang.String,org.springframework.data.rest.webmvc.PersistentEntityResourceAssembler) throws java.lang.Exception']"
68,2019-11-01,07:03:08.078,INFO,"[carts,,,]",6,--- [           main] o.s.d.r.w.RepositoryRestHandlerMapping,"Mapped ""{[/{repository}/{id}/{property}],methods=[DELETE],produces=[application/hal+json || application/json || application/*+json;charset=UTF-8]}"" onto public org.springframework.http.ResponseEntity<? extends org.springframework.hateoas.ResourceSupport> org.springframework.data.rest.webmvc.RepositoryPropertyReferenceController.deletePropertyReference(org.springframework.data.rest.webmvc.RootResourceInformation,java.io.Serializable,java.lang.String) throws java.lang.Exception",2ed83d76,"Mapped <*> methods <*> produces [application/hal+json || application/json || application/*+json;charset UTF-8]}"" onto public <*> <*> <*> <*> <*> <*> <*> <*>","['""{[/{repository}/{id}/{property', 'DELETE', '', '', '', '', '', 'org.springframework.http.ResponseEntity<? extends org.springframework.hateoas.ResourceSupport> org.springframework.data.rest.webmvc.RepositoryPropertyReferenceController.deletePropertyReference(org.springframework.data.rest.webmvc.RootResourceInformation,java.io.Serializable,java.lang.String) throws java.lang.Exception']"
69,2019-11-01,07:03:08.078,INFO,"[carts,,,]",6,--- [           main] o.s.d.r.w.RepositoryRestHandlerMapping,"Mapped ""{[/{repository}/{id}/{property}],methods=[GET],produces=[application/x-spring-data-compact+json || text/uri-list]}"" onto public org.springframework.http.ResponseEntity<org.springframework.hateoas.ResourceSupport> org.springframework.data.rest.webmvc.RepositoryPropertyReferenceController.followPropertyReferenceCompact(org.springframework.data.rest.webmvc.RootResourceInformation,java.io.Serializable,java.lang.String,org.springframework.data.rest.webmvc.PersistentEntityResourceAssembler) throws java.lang.Exception",087924ad,"Mapped ""{[/{repository}/{id}/{property}] methods [GET] produces [application/x-spring-data-compact+json || text/uri-list]}"" onto public org.springframework.http.ResponseEntity<org.springframework.hateoas.ResourceSupport> org.springframework.data.rest.webmvc.RepositoryPropertyReferenceController.followPropertyReferenceCompact(org.springframework.data.rest.webmvc.RootResourceInformation java.io.Serializable java.lang.String org.springframework.data.rest.webmvc.PersistentEntityResourceAssembler) throws java.lang.Exception",[]
70,2019-11-01,07:03:08.079,INFO,"[carts,,,]",6,--- [           main] o.s.d.r.w.RepositoryRestHandlerMapping,"Mapped ""{[/{repository}/{id}/{property}],methods=[PATCH || PUT || POST],consumes=[application/json || application/x-spring-data-compact+json || text/uri-list],produces=[application/hal+json || application/json || application/*+json;charset=UTF-8]}"" onto public org.springframework.http.ResponseEntity<? extends org.springframework.hateoas.ResourceSupport> org.springframework.data.rest.webmvc.RepositoryPropertyReferenceController.createPropertyReference(org.springframework.data.rest.webmvc.RootResourceInformation,org.springframework.http.HttpMethod,org.springframework.hateoas.Resources<java.lang.Object>,java.io.Serializable,java.lang.String) throws java.lang.Exception",6f768d28,"Mapped ""{[/{repository}/{id}/{property}] methods [PATCH || PUT || POST] consumes [application/json || application/x-spring-data-compact+json || text/uri-list] produces [application/hal+json || application/json || application/*+json;charset UTF-8]}"" onto public org.springframework.http.ResponseEntity<? extends org.springframework.hateoas.ResourceSupport> org.springframework.data.rest.webmvc.RepositoryPropertyReferenceController.createPropertyReference(org.springframework.data.rest.webmvc.RootResourceInformation org.springframework.http.HttpMethod org.springframework.hateoas.Resources<java.lang.Object> java.io.Serializable java.lang.String) throws java.lang.Exception",[]
71,2019-11-01,07:03:08.079,INFO,"[carts,,,]",6,--- [           main] o.s.d.r.w.RepositoryRestHandlerMapping,"Mapped ""{[/{repository}/{id}/{property}/{propertyId}],methods=[DELETE],produces=[application/hal+json || application/json || application/*+json;charset=UTF-8]}"" onto public org.springframework.http.ResponseEntity<org.springframework.hateoas.ResourceSupport> org.springframework.data.rest.webmvc.RepositoryPropertyReferenceController.deletePropertyReferenceId(org.springframework.data.rest.webmvc.RootResourceInformation,java.io.Serializable,java.lang.String,java.lang.String) throws java.lang.Exception",a837b8b8,"Mapped <*> methods <*> produces [application/hal+json || application/json || application/*+json;charset UTF-8]}"" onto public <*> <*> <*> <*> <*> <*> <*>","['""{[/{repository}/{id}/{property}/{propertyId', 'DELETE', '', '', '', '', 'org.springframework.http.ResponseEntity<org.springframework.hateoas.ResourceSupport> org.springframework.data.rest.webmvc.RepositoryPropertyReferenceController.deletePropertyReferenceId(org.springframework.data.rest.webmvc.RootResourceInformation,java.io.Serializable,java.lang.String,java.lang.String) throws java.lang.Exception']"
72,2019-11-01,07:03:08.081,INFO,"[carts,,,]",6,--- [           main] o.s.d.r.w.RepositoryRestHandlerMapping,"Mapped ""{[/{repository}/search],methods=[OPTIONS],produces=[application/hal+json || application/json || application/*+json;charset=UTF-8]}"" onto public org.springframework.http.HttpEntity<?> org.springframework.data.rest.webmvc.RepositorySearchController.optionsForSearches(org.springframework.data.rest.webmvc.RootResourceInformation)",cd377249,"Mapped <*> methods <*> produces [application/hal+json || application/json || application/*+json;charset UTF-8]}"" onto public <*> <*>","['""{[/{repository}/search', 'OPTIONS', '', 'org.springframework.http.HttpEntity<?> org.springframework.data.rest.webmvc.RepositorySearchController.optionsForSearches(org.springframework.data.rest.webmvc.RootResourceInformation']"
73,2019-11-01,07:03:08.082,INFO,"[carts,,,]",6,--- [           main] o.s.d.r.w.RepositoryRestHandlerMapping,"Mapped ""{[/{repository}/search],methods=[HEAD],produces=[application/hal+json || application/json || application/*+json;charset=UTF-8]}"" onto public org.springframework.http.HttpEntity<?> org.springframework.data.rest.webmvc.RepositorySearchController.headForSearches(org.springframework.data.rest.webmvc.RootResourceInformation)",cd377249,"Mapped <*> methods <*> produces [application/hal+json || application/json || application/*+json;charset UTF-8]}"" onto public <*> <*>","['""{[/{repository}/search', 'HEAD', '', 'org.springframework.http.HttpEntity<?> org.springframework.data.rest.webmvc.RepositorySearchController.headForSearches(org.springframework.data.rest.webmvc.RootResourceInformation']"
74,2019-11-01,07:03:08.082,INFO,"[carts,,,]",6,--- [           main] o.s.d.r.w.RepositoryRestHandlerMapping,"Mapped ""{[/{repository}/search],methods=[GET],produces=[application/hal+json || application/json || application/*+json;charset=UTF-8]}"" onto public org.springframework.data.rest.webmvc.RepositorySearchesResource org.springframework.data.rest.webmvc.RepositorySearchController.listSearches(org.springframework.data.rest.webmvc.RootResourceInformation)",cd377249,"Mapped <*> methods <*> produces [application/hal+json || application/json || application/*+json;charset UTF-8]}"" onto public <*> <*>","['""{[/{repository}/search', 'GET', '', 'org.springframework.data.rest.webmvc.RepositorySearchesResource org.springframework.data.rest.webmvc.RepositorySearchController.listSearches(org.springframework.data.rest.webmvc.RootResourceInformation']"
75,2019-11-01,07:03:08.082,INFO,"[carts,,,]",6,--- [           main] o.s.d.r.w.RepositoryRestHandlerMapping,"Mapped ""{[/{repository}/search/{search}],methods=[GET],produces=[application/hal+json || application/json || application/*+json;charset=UTF-8]}"" onto public org.springframework.http.ResponseEntity<java.lang.Object> org.springframework.data.rest.webmvc.RepositorySearchController.executeSearch(org.springframework.data.rest.webmvc.RootResourceInformation,org.springframework.util.MultiValueMap<java.lang.String, java.lang.Object>,java.lang.String,org.springframework.data.rest.webmvc.support.DefaultedPageable,org.springframework.data.domain.Sort,org.springframework.data.rest.webmvc.PersistentEntityResourceAssembler)",2ed83d76,"Mapped <*> methods <*> produces [application/hal+json || application/json || application/*+json;charset UTF-8]}"" onto public <*> <*> <*> <*> <*> <*> <*> <*>","['""{[/{repository}/search/{search', 'GET', '', '', '', '', '', 'org.springframework.http.ResponseEntity<java.lang.Object> org.springframework.data.rest.webmvc.RepositorySearchController.executeSearch(org.springframework.data.rest.webmvc.RootResourceInformation,org.springframework.util.MultiValueMap<java.lang.String, java.lang.Object>,java.lang.String,org.springframework.data.rest.webmvc.support.DefaultedPageable,org.springframework.data.domain.Sort,org.springframework.data.rest.webmvc.PersistentEntityResourceAssembler']"
76,2019-11-01,07:03:08.083,INFO,"[carts,,,]",6,--- [           main] o.s.d.r.w.RepositoryRestHandlerMapping,"Mapped ""{[/{repository}/search/{search}],methods=[GET],produces=[application/x-spring-data-compact+json]}"" onto public org.springframework.hateoas.ResourceSupport org.springframework.data.rest.webmvc.RepositorySearchController.executeSearchCompact(org.springframework.data.rest.webmvc.RootResourceInformation,org.springframework.util.MultiValueMap<java.lang.String, java.lang.Object>,java.lang.String,java.lang.String,org.springframework.data.rest.webmvc.support.DefaultedPageable,org.springframework.data.domain.Sort,org.springframework.data.rest.webmvc.PersistentEntityResourceAssembler)",d6e85356,"Mapped ""{[/{repository}/search/{search}] methods [GET] produces [application/x-spring-data-compact+json]}"" onto public org.springframework.hateoas.ResourceSupport org.springframework.data.rest.webmvc.RepositorySearchController.executeSearchCompact(org.springframework.data.rest.webmvc.RootResourceInformation org.springframework.util.MultiValueMap<java.lang.String java.lang.Object> java.lang.String java.lang.String org.springframework.data.rest.webmvc.support.DefaultedPageable org.springframework.data.domain.Sort org.springframework.data.rest.webmvc.PersistentEntityResourceAssembler)",[]
77,2019-11-01,07:03:08.083,INFO,"[carts,,,]",6,--- [           main] o.s.d.r.w.RepositoryRestHandlerMapping,"Mapped ""{[/{repository}/search/{search}],methods=[OPTIONS],produces=[application/hal+json || application/json || application/*+json;charset=UTF-8]}"" onto public org.springframework.http.ResponseEntity<java.lang.Object> org.springframework.data.rest.webmvc.RepositorySearchController.optionsForSearch(org.springframework.data.rest.webmvc.RootResourceInformation,java.lang.String)",53eb867c,"Mapped ""{[/{repository}/search/{search}] methods <*> produces [application/hal+json || application/json || application/*+json;charset UTF-8]}"" onto public org.springframework.http.ResponseEntity<java.lang.Object> <*> java.lang.String)","['OPTIONS', 'org.springframework.data.rest.webmvc.RepositorySearchController.optionsForSearch(org.springframework.data.rest.webmvc.RootResourceInformation']"
78,2019-11-01,07:03:08.083,INFO,"[carts,,,]",6,--- [           main] o.s.d.r.w.RepositoryRestHandlerMapping,"Mapped ""{[/{repository}/search/{search}],methods=[HEAD],produces=[application/hal+json || application/json || application/*+json;charset=UTF-8]}"" onto public org.springframework.http.ResponseEntity<java.lang.Object> org.springframework.data.rest.webmvc.RepositorySearchController.headForSearch(org.springframework.data.rest.webmvc.RootResourceInformation,java.lang.String)",53eb867c,"Mapped ""{[/{repository}/search/{search}] methods <*> produces [application/hal+json || application/json || application/*+json;charset UTF-8]}"" onto public org.springframework.http.ResponseEntity<java.lang.Object> <*> java.lang.String)","['HEAD', 'org.springframework.data.rest.webmvc.RepositorySearchController.headForSearch(org.springframework.data.rest.webmvc.RootResourceInformation']"
79,2019-11-01,07:03:08.088,INFO,"[carts,,,]",6,--- [           main] o.s.d.r.w.BasePathAwareHandlerMapping,"Mapped ""{[/profile/{repository}],methods=[GET],produces=[application/alps+json || */*]}"" onto org.springframework.http.HttpEntity<org.springframework.data.rest.webmvc.RootResourceInformation> org.springframework.data.rest.webmvc.alps.AlpsController.descriptor(org.springframework.data.rest.webmvc.RootResourceInformation)",b168f654,Mapped <*> <*> <*> <*> <*> <*> <*> <*> <*> <*>,"['', '', '', '', '', '', 'profile/{repository}],methods=[GET],produces=[application/alps+json || */*]}"" onto org.springframework.http.HttpEntity<org.springframework.data.rest.webmvc.RootResourceInformation> org.springframework.data.rest.webmvc.alps.AlpsController.descriptor(org.springframework.data.rest.webmvc.RootResourceInformation']"
80,2019-11-01,07:03:08.088,INFO,"[carts,,,]",6,--- [           main] o.s.d.r.w.BasePathAwareHandlerMapping,"Mapped ""{[/profile/{repository}],methods=[OPTIONS],produces=[application/alps+json]}"" onto org.springframework.http.HttpEntity<?> org.springframework.data.rest.webmvc.alps.AlpsController.alpsOptions()",c31b410c,"Mapped ""{[/profile/{repository}] methods [OPTIONS] produces [application/alps+json]}"" onto org.springframework.http.HttpEntity<?> org.springframework.data.rest.webmvc.alps.AlpsController.alpsOptions()",[]
81,2019-11-01,07:03:08.089,INFO,"[carts,,,]",6,--- [           main] o.s.d.r.w.BasePathAwareHandlerMapping,"Mapped ""{[/profile],methods=[OPTIONS]}"" onto public org.springframework.http.HttpEntity<?> org.springframework.data.rest.webmvc.ProfileController.profileOptions()",574dfceb,"Mapped ""{[/profile] methods [OPTIONS]}"" onto public org.springframework.http.HttpEntity<?> org.springframework.data.rest.webmvc.ProfileController.profileOptions()",[]
82,2019-11-01,07:03:08.089,INFO,"[carts,,,]",6,--- [           main] o.s.d.r.w.BasePathAwareHandlerMapping,"Mapped ""{[/profile],methods=[GET]}"" onto org.springframework.http.HttpEntity<org.springframework.hateoas.ResourceSupport> org.springframework.data.rest.webmvc.ProfileController.listAllFormsOfMetadata()",4cf4833b,"Mapped ""{[/profile] methods [GET]}"" onto org.springframework.http.HttpEntity<org.springframework.hateoas.ResourceSupport> org.springframework.data.rest.webmvc.ProfileController.listAllFormsOfMetadata()",[]
83,2019-11-01,07:03:08.090,INFO,"[carts,,,]",6,--- [           main] o.s.d.r.w.BasePathAwareHandlerMapping,"Mapped ""{[/profile/{repository}],methods=[GET],produces=[application/schema+json]}"" onto public org.springframework.http.HttpEntity<org.springframework.data.rest.webmvc.json.JsonSchema> org.springframework.data.rest.webmvc.RepositorySchemaController.schema(org.springframework.data.rest.webmvc.RootResourceInformation)",14e09112,Mapped <*> <*> <*> <*> <*> onto public <*> <*>,"['', '', '""{[/profile/{repository}],methods=[GET],produces=[application/schema+json]}""', '', 'org.springframework.http.HttpEntity<org.springframework.data.rest.webmvc.json.JsonSchema> org.springframework.data.rest.webmvc.RepositorySchemaController.schema(org.springframework.data.rest.webmvc.RootResourceInformation']"
84,2019-11-01,07:03:08.090,INFO,"[carts,,,]",6,--- [           main] o.s.d.r.w.BasePathAwareHandlerMapping,"Mapped ""{[/browser],methods=[GET]}"" onto public org.springframework.web.servlet.View org.springframework.data.rest.webmvc.halbrowser.HalBrowser.browser(javax.servlet.http.HttpServletRequest)",41f09225,"Mapped ""{[/browser] methods [GET]}"" onto public org.springframework.web.servlet.View org.springframework.data.rest.webmvc.halbrowser.HalBrowser.browser(javax.servlet.http.HttpServletRequest)",[]
85,2019-11-01,07:03:08.091,INFO,"[carts,,,]",6,--- [           main] o.s.d.r.w.BasePathAwareHandlerMapping,"Mapped ""{[/ || ],methods=[GET],produces=[text/html]}"" onto public org.springframework.web.servlet.View org.springframework.data.rest.webmvc.halbrowser.HalBrowser.index(javax.servlet.http.HttpServletRequest)",61452ac9,Mapped <*> || <*> methods [GET] produces <*> onto public <*> <*>,"['""{[/', '', 'text/html]}""', '', 'org.springframework.web.servlet.View org.springframework.data.rest.webmvc.halbrowser.HalBrowser.index(javax.servlet.http.HttpServletRequest']"
86,2019-11-01,07:03:08.118,INFO,"[carts,,,]",6,--- [           main] .m.m.a.ExceptionHandlerExceptionResolver,Detected @ExceptionHandler methods in repositoryRestExceptionHandler,213fb0f5,Detected <*> <*> in <*>,"['@ExceptionHandler methods', 'repositoryRestExceptionHandler']"
87,2019-11-01,07:03:08.119,INFO,"[carts,,,]",6,--- [           main] .m.m.a.ExceptionHandlerExceptionResolver,Detected ResponseBodyAdvice implementation in org.springframework.boot.actuate.autoconfigure.EndpointWebMvcHypermediaManagementContextConfiguration$ActuatorEndpointLinksAdvice,213fb0f5,Detected <*> <*> in <*>,"['ResponseBodyAdvice implementation', 'org.springframework.boot.actuate.autoconfigure.EndpointWebMvcHypermediaManagementContextConfiguration$ActuatorEndpointLinksAdvice']"
88,2019-11-01,07:03:09.019,INFO,"[carts,,,]",6,--- [           main] o.s.b.a.e.mvc.EndpointHandlerMapping,"Mapped ""{[/pause || /pause.json],methods=[POST]}"" onto public java.lang.Object org.springframework.cloud.endpoint.GenericPostableMvcEndpoint.invoke()",14e09112,Mapped <*> <*> <*> <*> <*> onto public <*> <*>,"['', '', '""{[/pause || /pause.json],methods=[POST]}""', '', 'java.lang.Object org.springframework.cloud.endpoint.GenericPostableMvcEndpoint.invoke']"
89,2019-11-01,07:03:09.021,INFO,"[carts,,,]",6,--- [           main] o.s.b.a.e.mvc.EndpointHandlerMapping,"Mapped ""{[/actuator || /actuator.json],produces=[text/html]}"" onto public java.lang.String org.springframework.boot.actuate.endpoint.mvc.HalBrowserMvcEndpoint.browse(javax.servlet.http.HttpServletRequest)",14e09112,Mapped <*> <*> <*> <*> <*> onto public <*> <*>,"['', '', '""{[/actuator || /actuator.json],produces=[text/html]}""', '', 'java.lang.String org.springframework.boot.actuate.endpoint.mvc.HalBrowserMvcEndpoint.browse(javax.servlet.http.HttpServletRequest']"
90,2019-11-01,07:03:09.021,INFO,"[carts,,,]",6,--- [           main] o.s.b.a.e.mvc.EndpointHandlerMapping,"Mapped ""{[/actuator || /actuator.json],produces=[application/json]}"" onto public org.springframework.hateoas.ResourceSupport org.springframework.boot.actuate.endpoint.mvc.HalJsonMvcEndpoint.links()",14e09112,Mapped <*> <*> <*> <*> <*> onto public <*> <*>,"['', '', '""{[/actuator || /actuator.json],produces=[application/json]}""', '', 'org.springframework.hateoas.ResourceSupport org.springframework.boot.actuate.endpoint.mvc.HalJsonMvcEndpoint.links']"
91,2019-11-01,07:03:09.021,INFO,"[carts,,,]",6,--- [           main] o.s.b.a.e.mvc.EndpointHandlerMapping,"Mapped ""{[/refresh || /refresh.json],methods=[POST]}"" onto public java.lang.Object org.springframework.cloud.endpoint.GenericPostableMvcEndpoint.invoke()",14e09112,Mapped <*> <*> <*> <*> <*> onto public <*> <*>,"['', '', '""{[/refresh || /refresh.json],methods=[POST]}""', '', 'java.lang.Object org.springframework.cloud.endpoint.GenericPostableMvcEndpoint.invoke']"
92,2019-11-01,07:03:09.024,INFO,"[carts,,,]",6,--- [           main] o.s.b.a.e.mvc.EndpointHandlerMapping,"Mapped ""{[/configprops || /configprops.json],methods=[GET],produces=[application/json]}"" onto public java.lang.Object org.springframework.boot.actuate.endpoint.mvc.EndpointMvcAdapter.invoke()",61452ac9,Mapped <*> || <*> methods [GET] produces <*> onto public <*> <*>,"['""{[/configprops', '/configprops.json', 'application/json]}""', '', 'java.lang.Object org.springframework.boot.actuate.endpoint.mvc.EndpointMvcAdapter.invoke']"
93,2019-11-01,07:03:09.025,INFO,"[carts,,,]",6,--- [           main] o.s.b.a.e.mvc.EndpointHandlerMapping,"Mapped ""{[/restart || /restart.json],methods=[POST]}"" onto public java.lang.Object org.springframework.cloud.context.restart.RestartMvcEndpoint.invoke()",14e09112,Mapped <*> <*> <*> <*> <*> onto public <*> <*>,"['', '', '""{[/restart || /restart.json],methods=[POST]}""', '', 'java.lang.Object org.springframework.cloud.context.restart.RestartMvcEndpoint.invoke']"
94,2019-11-01,07:03:09.026,INFO,"[carts,,,]",6,--- [           main] o.s.b.a.e.mvc.EndpointHandlerMapping,"Mapped ""{[/heapdump || /heapdump.json],methods=[GET],produces=[application/octet-stream]}"" onto public void org.springframework.boot.actuate.endpoint.mvc.HeapdumpMvcEndpoint.invoke(boolean,javax.servlet.http.HttpServletRequest,javax.servlet.http.HttpServletResponse) throws java.io.IOException,javax.servlet.ServletException",12686472,"Mapped ""{[/heapdump || /heapdump.json] methods [GET] produces [application/octet-stream]}"" onto public void org.springframework.boot.actuate.endpoint.mvc.HeapdumpMvcEndpoint.invoke(boolean javax.servlet.http.HttpServletRequest javax.servlet.http.HttpServletResponse) throws java.io.IOException javax.servlet.ServletException",[]
95,2019-11-01,07:03:09.027,INFO,"[carts,,,]",6,--- [           main] o.s.b.a.e.mvc.EndpointHandlerMapping,"Mapped ""{[/trace || /trace.json],methods=[GET],produces=[application/json]}"" onto public java.lang.Object org.springframework.boot.actuate.endpoint.mvc.EndpointMvcAdapter.invoke()",61452ac9,Mapped <*> || <*> methods [GET] produces <*> onto public <*> <*>,"['""{[/trace', '/trace.json', 'application/json]}""', '', 'java.lang.Object org.springframework.boot.actuate.endpoint.mvc.EndpointMvcAdapter.invoke']"
96,2019-11-01,07:03:09.027,INFO,"[carts,,,]",6,--- [           main] o.s.b.a.e.mvc.EndpointHandlerMapping,"Mapped ""{[/env],methods=[POST]}"" onto public java.lang.Object org.springframework.cloud.context.environment.EnvironmentManagerMvcEndpoint.value(java.util.Map<java.lang.String, java.lang.String>)",bd8f4105,"Mapped ""{[/env] methods [POST]}"" onto public java.lang.Object org.springframework.cloud.context.environment.EnvironmentManagerMvcEndpoint.value(java.util.Map<java.lang.String java.lang.String>)",[]
97,2019-11-01,07:03:09.027,INFO,"[carts,,,]",6,--- [           main] o.s.b.a.e.mvc.EndpointHandlerMapping,"Mapped ""{[/env/reset],methods=[POST]}"" onto public java.util.Map<java.lang.String, java.lang.Object> org.springframework.cloud.context.environment.EnvironmentManagerMvcEndpoint.reset()",7b599e3d,"Mapped ""{[/env/reset] methods [POST]}"" onto public java.util.Map<java.lang.String java.lang.Object> org.springframework.cloud.context.environment.EnvironmentManagerMvcEndpoint.reset()",[]
98,2019-11-01,07:03:09.028,INFO,"[carts,,,]",6,--- [           main] o.s.b.a.e.mvc.EndpointHandlerMapping,"Mapped ""{[/resume || /resume.json],methods=[POST]}"" onto public java.lang.Object org.springframework.cloud.endpoint.GenericPostableMvcEndpoint.invoke()",14e09112,Mapped <*> <*> <*> <*> <*> onto public <*> <*>,"['', '', '""{[/resume || /resume.json],methods=[POST]}""', '', 'java.lang.Object org.springframework.cloud.endpoint.GenericPostableMvcEndpoint.invoke']"
99,2019-11-01,07:03:09.031,INFO,"[carts,,,]",6,--- [           main] o.s.b.a.e.mvc.EndpointHandlerMapping,"Mapped ""{[/env/{name:.*}],methods=[GET],produces=[application/json]}"" onto public java.lang.Object org.springframework.boot.actuate.endpoint.mvc.EnvironmentMvcEndpoint.value(java.lang.String)",b168f654,Mapped <*> <*> <*> <*> <*> <*> <*> <*> <*> <*>,"['', '', '', '', '', '', 'env/{name:.*}],methods=[GET],produces=[application/json]}"" onto public java.lang.Object org.springframework.boot.actuate.endpoint.mvc.EnvironmentMvcEndpoint.value(java.lang.String']"
100,2019-11-01,07:03:09.031,INFO,"[carts,,,]",6,--- [           main] o.s.b.a.e.mvc.EndpointHandlerMapping,"Mapped ""{[/env || /env.json],methods=[GET],produces=[application/json]}"" onto public java.lang.Object org.springframework.boot.actuate.endpoint.mvc.EndpointMvcAdapter.invoke()",61452ac9,Mapped <*> || <*> methods [GET] produces <*> onto public <*> <*>,"['""{[/env', '/env.json', 'application/json]}""', '', 'java.lang.Object org.springframework.boot.actuate.endpoint.mvc.EndpointMvcAdapter.invoke']"
101,2019-11-01,07:03:09.032,INFO,"[carts,,,]",6,--- [           main] o.s.b.a.e.mvc.EndpointHandlerMapping,"Mapped ""{[/beans || /beans.json],methods=[GET],produces=[application/json]}"" onto public java.lang.Object org.springframework.boot.actuate.endpoint.mvc.EndpointMvcAdapter.invoke()",61452ac9,Mapped <*> || <*> methods [GET] produces <*> onto public <*> <*>,"['""{[/beans', '/beans.json', 'application/json]}""', '', 'java.lang.Object org.springframework.boot.actuate.endpoint.mvc.EndpointMvcAdapter.invoke']"
102,2019-11-01,07:03:09.033,INFO,"[carts,,,]",6,--- [           main] o.s.b.a.e.mvc.EndpointHandlerMapping,"Mapped ""{[/info || /info.json],methods=[GET],produces=[application/json]}"" onto public java.lang.Object org.springframework.boot.actuate.endpoint.mvc.EndpointMvcAdapter.invoke()",61452ac9,Mapped <*> || <*> methods [GET] produces <*> onto public <*> <*>,"['""{[/info', '/info.json', 'application/json]}""', '', 'java.lang.Object org.springframework.boot.actuate.endpoint.mvc.EndpointMvcAdapter.invoke']"
103,2019-11-01,07:03:09.034,INFO,"[carts,,,]",6,--- [           main] o.s.b.a.e.mvc.EndpointHandlerMapping,"Mapped ""{[/autoconfig || /autoconfig.json],methods=[GET],produces=[application/json]}"" onto public java.lang.Object org.springframework.boot.actuate.endpoint.mvc.EndpointMvcAdapter.invoke()",61452ac9,Mapped <*> || <*> methods [GET] produces <*> onto public <*> <*>,"['""{[/autoconfig', '/autoconfig.json', 'application/json]}""', '', 'java.lang.Object org.springframework.boot.actuate.endpoint.mvc.EndpointMvcAdapter.invoke']"
104,2019-11-01,07:03:09.034,INFO,"[carts,,,]",6,--- [           main] o.s.b.a.e.mvc.EndpointHandlerMapping,"Mapped ""{[/mappings || /mappings.json],methods=[GET],produces=[application/json]}"" onto public java.lang.Object org.springframework.boot.actuate.endpoint.mvc.EndpointMvcAdapter.invoke()",61452ac9,Mapped <*> || <*> methods [GET] produces <*> onto public <*> <*>,"['""{[/mappings', '/mappings.json', 'application/json]}""', '', 'java.lang.Object org.springframework.boot.actuate.endpoint.mvc.EndpointMvcAdapter.invoke']"
105,2019-11-01,07:03:09.038,INFO,"[carts,,,]",6,--- [           main] o.s.b.a.e.mvc.EndpointHandlerMapping,"Mapped ""{[/dump || /dump.json],methods=[GET],produces=[application/json]}"" onto public java.lang.Object org.springframework.boot.actuate.endpoint.mvc.EndpointMvcAdapter.invoke()",61452ac9,Mapped <*> || <*> methods [GET] produces <*> onto public <*> <*>,"['""{[/dump', '/dump.json', 'application/json]}""', '', 'java.lang.Object org.springframework.boot.actuate.endpoint.mvc.EndpointMvcAdapter.invoke']"
106,2019-11-01,07:03:10.052,INFO,"[carts,,,]",6,--- [           main] o.s.s.c.ThreadPoolTaskScheduler,Initializing ExecutorService,e5f15c1f,Initializing ExecutorService,[]
107,2019-11-01,07:03:10.612,INFO,"[carts,,,]",6,--- [           main] o.s.j.e.a.AnnotationMBeanExporter,Registering beans for JMX exposure on startup,b30b465d,Registering beans for JMX exposure on startup,[]
108,2019-11-01,07:03:10.627,INFO,"[carts,,,]",6,--- [           main] o.s.j.e.a.AnnotationMBeanExporter,Bean with name 'configurationPropertiesRebinder' has been autodetected for JMX exposure,30bd2006,Bean with name <*> has been autodetected for JMX exposure,"[""'configurationPropertiesRebinder'""]"
109,2019-11-01,07:03:10.628,INFO,"[carts,,,]",6,--- [           main] o.s.j.e.a.AnnotationMBeanExporter,Bean with name 'refreshEndpoint' has been autodetected for JMX exposure,30bd2006,Bean with name <*> has been autodetected for JMX exposure,"[""'refreshEndpoint'""]"
110,2019-11-01,07:03:10.637,INFO,"[carts,,,]",6,--- [           main] o.s.j.e.a.AnnotationMBeanExporter,Bean with name 'restartEndpoint' has been autodetected for JMX exposure,30bd2006,Bean with name <*> has been autodetected for JMX exposure,"[""'restartEndpoint'""]"
111,2019-11-01,07:03:10.641,INFO,"[carts,,,]",6,--- [           main] o.s.j.e.a.AnnotationMBeanExporter,Bean with name 'refreshScope' has been autodetected for JMX exposure,30bd2006,Bean with name <*> has been autodetected for JMX exposure,"[""'refreshScope'""]"
112,2019-11-01,07:03:10.642,INFO,"[carts,,,]",6,--- [           main] o.s.j.e.a.AnnotationMBeanExporter,Bean with name 'environmentManager' has been autodetected for JMX exposure,30bd2006,Bean with name <*> has been autodetected for JMX exposure,"[""'environmentManager'""]"
113,2019-11-01,07:03:10.652,INFO,"[carts,,,]",6,--- [           main] o.s.j.e.a.AnnotationMBeanExporter,"Located managed bean 'environmentManager': registering with JMX server as MBean [org.springframework.cloud.context.environment:name=environmentManager,type=EnvironmentManager]",f18b9d5b,Located managed bean <*> registering with JMX server as MBean <*> name <*> type <*>,"[""'environmentManager':"", '[org.springframework.cloud.context.environment', 'environmentManager', 'EnvironmentManager']"
114,2019-11-01,07:03:11.848,INFO,"[carts,,,]",6,--- [           main] o.s.j.e.a.AnnotationMBeanExporter,"Located managed bean 'restartEndpoint': registering with JMX server as MBean [org.springframework.cloud.context.restart:name=restartEndpoint,type=RestartEndpoint]",f18b9d5b,Located managed bean <*> registering with JMX server as MBean <*> name <*> type <*>,"[""'restartEndpoint':"", '[org.springframework.cloud.context.restart', 'restartEndpoint', 'RestartEndpoint']"
115,2019-11-01,07:03:11.862,INFO,"[carts,,,]",6,--- [           main] o.s.j.e.a.AnnotationMBeanExporter,"Located managed bean 'refreshScope': registering with JMX server as MBean [org.springframework.cloud.context.scope.refresh:name=refreshScope,type=RefreshScope]",f18b9d5b,Located managed bean <*> registering with JMX server as MBean <*> name <*> type <*>,"[""'refreshScope':"", '[org.springframework.cloud.context.scope.refresh', 'refreshScope', 'RefreshScope']"
116,2019-11-01,07:03:11.895,INFO,"[carts,,,]",6,--- [           main] o.s.j.e.a.AnnotationMBeanExporter,"Located managed bean 'configurationPropertiesRebinder': registering with JMX server as MBean [org.springframework.cloud.context.properties:name=configurationPropertiesRebinder,context=1b40d5f0,type=ConfigurationPropertiesRebinder]",96340c6b,Located managed bean 'configurationPropertiesRebinder' registering with JMX server as MBean [org.springframework.cloud.context.properties name configurationPropertiesRebinder context 1b40d5f0 type ConfigurationPropertiesRebinder],[]
117,2019-11-01,07:03:11.906,INFO,"[carts,,,]",6,--- [           main] o.s.j.e.a.AnnotationMBeanExporter,"Located managed bean 'refreshEndpoint': registering with JMX server as MBean [org.springframework.cloud.endpoint:name=refreshEndpoint,type=RefreshEndpoint]",f18b9d5b,Located managed bean <*> registering with JMX server as MBean <*> name <*> type <*>,"[""'refreshEndpoint':"", '[org.springframework.cloud.endpoint', 'refreshEndpoint', 'RefreshEndpoint']"
118,2019-11-01,07:03:12.182,INFO,"[carts,,,]",6,--- [           main] o.s.c.support.DefaultLifecycleProcessor,Starting beans in phase 0,b2a256e6,Starting beans in phase 0,[]
119,2019-11-01,07:03:20.966,INFO,"[carts,,,]",6,--- [           main] s.b.c.e.t.TomcatEmbeddedServletContainer,Tomcat started on port(s): 80 (http),f7329453,Tomcat started on port(s) 80 (http),[]
120,2019-11-01,07:03:20.972,INFO,"[carts,,,]",6,--- [           main] works.weave.socks.cart.CartApplication,Started CartApplication in 197.748 seconds (JVM running for 266.136),8e38e60f,Started CartApplication in 197.748 seconds (JVM running for 266.136),[]
121,2019-11-01,07:08:21.859,INFO,"[carts,,,]",6,--- [-carts-db:27017] org.mongodb.driver.connection,"Opened connection [connectionId{localValue:12, serverValue:486}] to carts-db:27017",91998132,Opened connection [connectionId{localValue <*> serverValue <*> to carts-db 27017,"['12,', '486}]']"
122,2019-11-01,07:08:21.861,INFO,"[carts,,,]",6,--- [-carts-db:27017] org.mongodb.driver.cluster,"Monitor thread successfully connected to server with description ServerDescription{address=carts-db:27017, type=STANDALONE, state=CONNECTED, ok=true, version=ServerVersion{versionList=[4, 2, 1]}, minWireVersion=0, maxWireVersion=8, maxDocumentSize=16777216, roundTripTimeNanos=1417642}",329fe651,Monitor thread successfully connected to server with description ServerDescription{address carts-db 27017 type STANDALONE state CONNECTED ok true version ServerVersion{versionList [4 2 1]} minWireVersion 0 maxWireVersion 8 maxDocumentSize 16777216 roundTripTimeNanos <*>,['1417642']
123,2019-11-01,07:12:27.033,INFO,"[carts,,,]",6,--- [-carts-db:27017] org.mongodb.driver.cluster,Exception in monitor thread while connecting to server carts-db:27017,8b717f7e,Exception in monitor thread while connecting to server carts-db 27017,[]
124,2019-11-01,07:19:16.935,INFO,"[carts,,,]",6,--- [-carts-db:27017] org.mongodb.driver.connection,"Opened connection [connectionId{localValue:27, serverValue:488}] to carts-db:27017",91998132,Opened connection [connectionId{localValue <*> serverValue <*> to carts-db 27017,"['27,', '488}]']"
125,2019-11-01,07:19:16.936,INFO,"[carts,,,]",6,--- [-carts-db:27017] org.mongodb.driver.cluster,"Monitor thread successfully connected to server with description ServerDescription{address=carts-db:27017, type=STANDALONE, state=CONNECTED, ok=true, version=ServerVersion{versionList=[4, 2, 1]}, minWireVersion=0, maxWireVersion=8, maxDocumentSize=16777216, roundTripTimeNanos=871189}",329fe651,Monitor thread successfully connected to server with description ServerDescription{address carts-db 27017 type STANDALONE state CONNECTED ok true version ServerVersion{versionList [4 2 1]} minWireVersion 0 maxWireVersion 8 maxDocumentSize 16777216 roundTripTimeNanos <*>,['871189']
126,2019-11-01,07:25:23.066,INFO,"[carts,,,]",6,--- [-carts-db:27017] org.mongodb.driver.cluster,Exception in monitor thread while connecting to server carts-db:27017,8b717f7e,Exception in monitor thread while connecting to server carts-db 27017,[]
127,2019-11-01,07:30:33.925,INFO,"[carts,,,]",6,--- [-carts-db:27017] org.mongodb.driver.connection,"Opened connection [connectionId{localValue:39, serverValue:497}] to carts-db:27017",91998132,Opened connection [connectionId{localValue <*> serverValue <*> to carts-db 27017,"['39,', '497}]']"
128,2019-11-01,07:30:33.926,INFO,"[carts,,,]",6,--- [-carts-db:27017] org.mongodb.driver.cluster,"Monitor thread successfully connected to server with description ServerDescription{address=carts-db:27017, type=STANDALONE, state=CONNECTED, ok=true, version=ServerVersion{versionList=[4, 2, 1]}, minWireVersion=0, maxWireVersion=8, maxDocumentSize=16777216, roundTripTimeNanos=834864}",329fe651,Monitor thread successfully connected to server with description ServerDescription{address carts-db 27017 type STANDALONE state CONNECTED ok true version ServerVersion{versionList [4 2 1]} minWireVersion 0 maxWireVersion 8 maxDocumentSize 16777216 roundTripTimeNanos <*>,['834864']
129,2019-11-01,07:35:14.109,INFO,"[carts,,,]",6,--- [-carts-db:27017] org.mongodb.driver.cluster,Exception in monitor thread while connecting to server carts-db:27017,8b717f7e,Exception in monitor thread while connecting to server carts-db 27017,[]
130,2019-11-01,07:36:31.803,INFO,"[carts,,,]",6,--- [-carts-db:27017] org.mongodb.driver.connection,"Opened connection [connectionId{localValue:43, serverValue:500}] to carts-db:27017",91998132,Opened connection [connectionId{localValue <*> serverValue <*> to carts-db 27017,"['43,', '500}]']"
131,2019-11-01,07:36:31.804,INFO,"[carts,,,]",6,--- [-carts-db:27017] org.mongodb.driver.cluster,"Monitor thread successfully connected to server with description ServerDescription{address=carts-db:27017, type=STANDALONE, state=CONNECTED, ok=true, version=ServerVersion{versionList=[4, 2, 1]}, minWireVersion=0, maxWireVersion=8, maxDocumentSize=16777216, roundTripTimeNanos=921506}",329fe651,Monitor thread successfully connected to server with description ServerDescription{address carts-db 27017 type STANDALONE state CONNECTED ok true version ServerVersion{versionList [4 2 1]} minWireVersion 0 maxWireVersion 8 maxDocumentSize 16777216 roundTripTimeNanos <*>,['921506']
